ID,comentarios
17,me gusta la programacion
72,instalacion creacion dispositivo celular personal movil interface camara movimiento automatico matematica robot startup empresa imagen 
8,Me gusta mucho el aprendizaje automatico que pueden tener las computadoras
32,me gustaria hacer programas grandes con base de datos
15,me gusta organizar en equipo
63,me gustaria programar videojuegos
57,me gusta pintar dibujar colores interfaz
60,algoritmo aprendizaje maquina descifrador
48,autenticacion navegador depurador
26,usuario cliente Unix
12,navegador web diseño red conexion datos
62,cabeza crecer
3,actividad armar torre motivo desarrollar idea problema simple vista
49,forma idea negocio
55,actividad hacer torre trabajar equipo
77,construir torre equipo
0,torre cuenta organización poder hacer proyecto mejor
57,realizar actividad divertido
34,hacer torre gusto levantar torre grupo
29,construir torre equipo trabajar conjunto utilizar lograr objetivo
75,trabajo diferente
13,trabajar equipo
40,armar prototipo trabajar
3,actividad experiencia
2,trabajo programa convivir adecuadamente llegar producto final
3,explicar manera
69,dinámica torre ser poder
1,saber hacer proyecto
48,torre dinámica
27,idea realizar si límites establecido
54,dinámica forma
3,dinámica forma
67,diseñar torre equilibrio grupo objetivo
28,actividad intentar nunca hecho cuenta
56,forma punto vista específico
63,explicación proyecto creativo
70,clase gran ayuda brindar
29,nuevo innovador pensar forma diferente
44,bien mensaje
29,equipo cuestionario idea clara vamos hacer vamos interesante manera práctica
28,jugar divertido
58,trabajar equipo llegar objetivo
37,tema bien
2,profesor cuenta personas juego
53,manera explicar profesor
71,información actividad
12,concepto si programa
23,crear empresa
37,trabajar equipo actividad inteligencia
15,iniciativa programa forma potenciar mercado competir
42,escuchar vida real solamente
64,gusto clase personas
54,entusiasmo realizar buen trabajo equipo
64,gusto armar torre pensar encontrar manera torre
24,trabajar equipo lograr
38,trabajar equipo
36,torre alta
75,trabajo equipo
63,actividad colectivamente
64,reto trabajo diferente divertido innovador
50,saber programa interesante
75,poder compartir manera aprender
4,dinámico divertido
61,dinámica torre actividad diferente capacidad trabajar equipo
31,difícil divertido dinámico
51,reto emocionante
53,trabajar equipo lograr objetivo
22,mayor práctica
46,saber crear idea ser realidad
70,hacer torre capacidad resolver tomar eficiente objetivo
47,actividad realidad empresa proyecto iniciar cosa siempre vamos tener poder desarrollar cosa caso lograr principio
11,trabajar equipo
56,poder ver programa ayuda entender propósito hacer
65,trabajo equipo ayuda mejor aprender
13,gusto conversar futuro
20,querer hacer cosas par ayudar
66,explicación breve actividad dinámica
50,pensar solucionar problema social
47,pensar grupo sociedad
62,dinámica armar torre solo
3,gusto actividad realizar equipo poder construir torre alta punta
60,lado creativo nunca estructura si arquitectura
5,activo atento asesor comprender tema
39,idea solucionar tecnología bien
78,actividad equipo gusto trabajar gente buen trabajo
75,si fuerza
74,realización momento juntos
50,trabajo grupo
21,trabajo equipo objetivo finalidad similar
21,trabajar equipo
64,hora armar torre divertido
29,trabajar equipo
1,actividad gran reto
25,torre divertido comparación
69,trabajo realizar pedido
70,docente poder realizar
29,trabajar equipo
51,armar torre trabajo equipo emoción
65,reto pensar equipo
44,trabajo equipo gusto
73,ver poner prueba hacer mundo mejor sencillo
45,trabajar equipo pensar caja buen inicio nuevo proyecto
58,organización página
34,dinámica poder comprender mejor tema explicación
70,hecho manera simple
77,poder entender tener conocimiento
0,desarmar armar paciencia conseguir objetivo
49,saber aplicar emprender idea
65,interacción importante
16,conocer país importante
66,trabajo compañerismo
71,gusto poder aprender juego
26,clase explicación resaltar gusto general clase demasía interesante oportunidad aprendizaje
54,gusto poder tener espacio creativo pensar tener proyecto
7,gusto dinámica recrear torre
61,ver solución sacar idea
46,forma mente poder ver sociedad vida
72,clase interés tema juntos fin
70,clase hoy ayuda equipo profesor verdad reflexionar analizar idea proyecto realista tiempo único posible
25,ejercicio confianza trabajo equipo
64,imposible trabajar equipo
52,paciencia explicar proyecto
62,momento torre idea original dinámica poder importancia trabajo equipo
45,gusto parte objetivo final programa resolver sociedad ayuda tecnología
53,desafío forma aprender trabajar equipo mejor forma ganar
44,juego trabajar
0,creer fuertemente ser útil ser alcance gran potencial persona llegar tener
68,poder establecer producto ayuda profesor haber respecto sacar producto innovador sociedad
69,hecho sentir utilizar satisfacer
79,saber iniciación
78,desarrollo explicación
42,metodología enseñanza
58,hacer realidad
76,explicación curso
3,aprender curso trata
29,importante servir
22,interesante pensar proyecto innovador persona
70,dinámica profesor
74,realizar idea
23,tener información iniciar empresa cuenta solo idea si empresa
11,crear idea ayudar sociedad
70,saber crear innovador
32,pensar idea buscar cosas
4,actividad poder pensar tiempo hallar solución problema
9,reto armar torre punto poner prueba
10,visión mundo uso tecnología emprender definición
2,clase tranquilamente persona
57,gusto clase busca proyecto principalmente estudiante
1,explicar facilidad
35,personas proyecto nunca realizar gusto ser cierto final
31,conocer desarrollar
34,equipo mejor idea solo juntos hacer diferencia
14,dinámico clase mejor manera
79,gusto dinámica agrado competir
23,aprender trata programa propósito
44,aprender sociedad tener
37,terminar examen
8,gusto resolver
21,explicación entender claramente
20,facilidad entender concepto tema
32,gusto forma
67,gusto saber capacidad facilidad inventar crear decir fundamental emplear empresa
21,aprender realizar empresa
34,dinámica grupo intercambiar colaborar lograr
37,saber teoría futuro
58,saber proyecto dar futuro trabajo
41,saber manejo mercado guiar
63,reto malvavisco trabajar equipo torre alta
60,poder conocer formar negocio tener dinero lograr tecnología tiempo
14,servir futuro
3,hacer torre fideo
39,exponer ver
49,gusto forma encontrar problema encontrar empresa personas
43,actividad equipo mejor
53,actividad dinámica
24,gusto actividad cuenta comunicación observación clave hora trabajar equipo
33,trabajar grupo
13,final aplicar paso final
32,aprender hablar
65,parte especial clase general agradable
26,trabajar equipo bajo presión
77,simple cuenta relación trabajar equipo pensar
55,único objetivo seguir base proyecto
2,gusto explicación profesor
28,trabajo equipo ver grupo
2,ver crear negocio solo mano computador hoy día movilizarse centro trabajo computador hacer trabajo casa
50,clase gusto dos lograr hacer torre
18,gusto actividad manera enseñar
4,gusto conocer conocer proyecto importante trata crear negocio
20,interesante poder aplicar sociedad
57,saber aprender
64,saber fundamental decidido ir
54,tema clase hoy gusto interesante
69,cosas futuro
28,aprender mundo tecnológico actividad cabo
66,hacer experiencia importancia experimentar
57,gusto actividad final construir torre complicado gracioso tiempo mejorar trabajo equipo
28,idea poder proyecto
67,gusto clase hoy idea poder proyecto
3,gusto plataforma digital rápido idea poder proyecto
50,forma interacción forma
73,hacer entender oportunidad decir poder solo claramente hacer hacer momento si trabajo
41,gusto clase hoy poder llegar conocer gusto saber problema poder llegar ser resuelto simple idea futuro empresa
54,hecho manera poder entender claramente consistir programa
7,gusto actividad descubrir hacer torre poder lograr objetivo
38,gusto clase hoy proceso mencionar observar tecnología hablar tour premio
16,profesor bien
27,parte tener grupo
6,programa utilización
39,gusto día hoy actividad buscar poder llegar objetivo
9,cantidad información profesor
9,aprender traer
39,plan trabajar equipo dinámico trabajo divertido
38,gusto poder aplicación producto personas
20,clase general debido cosas perspectiva idea
53,servir proyecto
72,tema desarrollo clase interesante
32,lluvia grupo propuesta aplicación
16,forma clase entender manera mundo
1,manera clase forma entender proyecto
71,gusto interesante
4,gusto dinámica
75,actividad investigar
27,manera dinámica bien final clase
72,trabajo equipo manera poder
58,si original
21,divertido ver hacer
79,dinámica clase
65,profesor buen ejemplo trabajo equipo
4,equipo solucionar problema
48,reto final
25,ayudar conocer finalidad
44,perder tiempo literal
12,conocer fondo proyecto poder conocer detalles proceso saber llegar ser útil
26,saber programa simple hecho presentar idea personas idea justamente
73,introducción motivación tema hacer posible hacer mejor
55,intentar hacer torre
75,dinámica clase aprender clase si constantemente aportar satisfactorio
24,profesor específico conocer correctamente confianza
63,gusto interés impuesto profesor clase contenido entender mercado
13,formular ver aplicación crear
49,gusto interacción profesor día hoy
37,conocer competencia día hoy proyecto
64,profesor resolver
63,entender manera bueno tener prototipo idea clara poder
2,trabajo equipo
41,reto verdad hacer
78,profesor paciencia proyecto
51,gusto manera explicar fácil entender
36,actividad entrada
2,poder conocer curso poder compartir
20,atención divertido
25,tema interesante
41,poder conocer programa
72,ayuda carrera
17,conocer programa
43,conocer programa
54,ver manera dinámica
27,presentación curso curso servir futuro
34,presentación curso futuro
12,vídeo ejemplo proyecto
48,vídeo implementación tema
70,conocer conocimiento programa
44,poder saber programa hacer buen trabajo
68,sesión idea crear programa grupo
62,parte hacer creativo torre
68,manejar proyecto
30,mundo empresarial
8,gusto clase hoy aprender
5,manera relacionar diario
10,actividad mejor saber persona
17,entender trabajo realizar programa tener claro avanzar proyecto
21,explicación mentor hora explicar mejor información
21,entrada medir fundamentos gestión empresarial
68,oportunidad trabajar equipo poder hacer torre alta estable proponer
27,uso innovación desarrollo emprendedor
34,trabajo equipo unir realizar buen trabajo
42,gusto saber ser gracias
76,actividad interesante trabajar equipo
64,trabajar equipo
32,equipo unión fuerza
47,trabajo dinámico presión trabajar mano
43,gusto crear desarrollo avance resolver
43,parte dinámica cuenta equipo
14,utilizar aprendizaje mayor logro
37,gusto coordinación grupo construir torre mando profesor prueba ingenio justo sesión
30,saber interesante
77,hecho aprender maravilloso proyecto
62,dinamismo compartir gracias entender mejor trata programa
17,explicación profesor
74,gusto exactamente importancia marketing origen base empezar idea negocio
70,hacer juntos plantear situación
13,alegría profesor tener vista proyecto
41,clase general inspirador
5,dar usar imaginación
52,curso divertido
9,saber llegar gente producto saber claridad servicios crear
48,dinámica clase
18,jugar crear torre
16,dinámica manejo información parte persona
43,profesor perfectamente programa además buscar prototipo
14,si bien cosas ver cosas
78,dinámica manejo información adecuada
75,hacer trabajo
48,mundo complejo madurar
9,saber claridad estructura dictado clase
73,gusto explicación cabo idea
70,explicación ganar ganancia medio internet
28,mejor programa
72,humor profesor
10,consistir programa tener idea clara vamos hacer creer
34,trabajo equipo
46,verdad aprender si alcanzar objetivo
37,aprender futuro
72,hora importante
68,explicación entender
14,poder saber programa
58,forma ayuda
35,siempre ayuda mejorar punto vista
13,actividad comprender valioso equipo
5,cuenta profesor tema
37,demostrar lograr trabajar equipo
1,gusto reto torre estable
78,verdad ver objetivo
1,grupo sacar ser plan negocio
11,interesante propósito
52,explicación clase fácil entendimiento tema
14,bien equilibrio
5,trabajo trabajo mejor
24,funcionamiento programa
30,actividad grupo
75,forma q hacer cosa principal
53,dinámica sesión desafío grupo solo charla objetivo programa
20,poder analizar sociedad
14,desafío divertido jugar junto
57,trabajar equipo
21,gusto entender poder ir problema país intentar resolver
30,dinámica divertido grupo
20,poder explotar agregar contenido producto conocer mercado entender pasar proyecto
13,reto ver
55,programa hacer realidad
48,incentivo ayuda poder generar idea ayuda saber fallar mejorar idea
69,gusto si
37,programa valioso
70,programa importante verdad interesante
32,grupo formar torre alta
61,juntos hacer buen trabajo
40,extraer gran programa valioso iniciarse
12,información respecto
26,gusto paciencia invitado claridad fácil comprensión incentivo equipo querer seguir parte programa
40,explicación proyecto vamos hacer
5,fondo negocio rentable tener
3,iniciativa traer colegio tema
1,herramienta ayuda resolver tipo
37,reto divertido
76,manera explicar
40,idea nuevo programa colegio
57,conocer conocimiento claramente esencial tener base programa
50,clase hoy interacción actividad parte aprender cosas adelante servir futuro lejano
40,descubrir importancia saber increíble forma
51,gusto aprender
8,actividad divertido
8,hecho decidir proyecto grupo llegar empezar gran empresa
40,aprender programa programa
76,gusto cuenta ser fácilmente tecnología
58,juego construir torre dinámico atención tema
14,idear forma hacer torre alta fideo punta trabajar equipo apoyar complementar
32,crear torre cuenta grupo
27,trabajo torre cuenta llevar
79,aprender marketing prototipo producto saber hacer negocio rentable tecnología
69,aclarar si bien cierto clase cosas personas mayoría cosas saber ayuda resolver mejor futuro
60,manera proyecto
45,gusto vídeo ver mejor realidad personas hacer ser mejorar cosas cambio gracias imaginación si bien
33,entender sesión
23,buen trabajo equipo base proyecto
69,idea profesor hacer manera
26,dinamismo resolución
39,gusto grupo apoyo mínimo
25,torre cuenta equipo llevar proyecto
31,explicación tema
46,forma explicar encargado colegio
10,clase gusto
35,torre alcanzar ver persistencia negocio
11,aprender trabajar equipo
57,gusto hecho poder crear idea contribuir sociedad
11,introducción programa actividad romper hielo empezar programa manera
73,ver modelo presupuesto ámbito económico interesante
43,explicación profesor poder emprender
29,reto dinámico
49,gusto forma profesor clase si
39,concepto clase programa ahora bueno forma aprender
5,tema tema forma seriedad
41,objetivo aprender tecnológico desarrollar apoyo
23,poder resolver
40,saber tecnología herramienta primordial solucionar hoy mundo vez
74,gusto planear forma ser proyecto proyecto
38,confianza poder empezar negocio
31,saber concepto finalidad programa
42,explicación hacer
12,juego profesor preocupación tener idea
69,poder conocer modelo producto servicio
78,poder armar torre
74,alguien llegar gran negocio solo simple
76,poder tener mejor noción
11,manera podre ayudar sociedad
31,interacción exponente clase interesante
28,reto trabajar equipo saber victoria sencillo
2,clase interesante bien
31,si abrir imaginación crear proyecto
51,bueno clase cosas
9,forma trabajar forma
34,gusto idea torre actividad interesante
70,clase vez
9,clase vez carrera
9,charla reto
2,conocer hacer torre alta
1,idea trabajo equipo
37,colegio obligatorio hacer curso
45,hacer estructura divertido
63,información modelo útil futuro
60,cantidad información saber
19,hablar grupo trabajo hacer volar mente creación producto l adelante marcha
12,gusto clase aprender motivo hacer proyecto
64,oportunidad construir torre
41,sistema simple comprensible
9,importancia trabajar equipo grupo idea construcción pie además imposible contar poder hacer cosas vez
65,publicidad pagar empresa publicidad
22,equipo frente
22,gusto tema nunca niño ganar gracioso interesante ser cosas
19,aprender trabajar equipo
18,pensar impacto solucionar sociedad ayuda cuestionar idea
40,comenzar idea producto poner mesa
39,cosas claro clase ver presentación plataforma
13,hecho tener investigar cerca marketing presupuesto prueba entrada
65,programa generar gran impacto hoy día vez motivar
77,estrategia explicar importancia prototipo
37,conocer programa
16,orientar crear realizar proyecto
26,aprender cosas futuro inteligencia
18,saber vamos crear sociedad
69,hacer interesante
4,gusto actividad grupo generar solucionar problema
40,poder tener oportunidad crear idea negocio utilizar tecnología tecnología experiencia cubrir hoy día hacer
79,excelente explicación profesor
70,clase hoy
26,punto aire
22,poder aclarar profesor debido dispuesto responder frente complejidad proyecto ser nuevo
38,divertido usar ingenio resolver problema
55,divertido tratar pensar alternativa construcción
68,idea hacer grupo
20,gran ayuda
6,explicación entender tema
31,mente mejorar cosas
32,vez nuevo hablar
8,realizar reto
57,manera básico marketing digital tema ahora primordial
55,alguien duda lograr
70,gusto igual preferencia
32,gusto presentación explicación
69,enseñanza idea empresarial m mejorar grande llegar ser mejor q
56,solución vida
68,m bonito
58,solo clase introducción
1,saber si grupo buen trabajo buenas
50,ahora servir futuro
43,bien cosas
21,poder aprender trata programa podre entender momento
33,chico vino
62,práctica tener
3,actividad trabajar equipo divertido
53,conocer ayuda crear cambio bien sociedad
73,manera interacción audiencia
2,gracias entender realizar marketing
7,profesor paciencia
45,verdad gusto
74,tema interesante
17,explicación eduardo dinámica
75,investigar cuenta ser emprendedor si
16,saber encontrar proyecto
17,dar poder comenzar
33,gente mente grupo muestra comunicación participación
35,actividad grupo
50,película atención
72,lado visualizar aclarar manera simple además poder equipo compartir
51,trabajar equipo
22,mena búsqueda participación
78,explicación decir
11,gusto poder grupo poder dar lograr destacar mejor
29,poder encontrar problema buscar
62,momento compartir equipo juntos plantear gran potencial
0,desarrollar proyecto s ayuda base iniciar
22,hacer torre
67,dinámica mejor reflexión
40,compartir conocer mejor
64,trabajar equipo crear servicio producto nuevo
56,crear producto propio imaginario entender mejor idea
28,trabajo equipo ayuda
30,hacer proyecto poder poner parte
40,charla dinámica
63,profesor idea punto vista
61,profesor corregir
28,planteamiento d idea futuro exitoso
52,preparado participar proyecto
43,encontrar idea base solo falta pulir
71,iniciativa crear empresa
78,hacer clase
35,explicación profesor apoyo resolver proyecto
28,profesor saber poder mejorar
6,ampliar toque personal
9,ejemplo personas gracias base idea empresa
65,definición forma entender desarrollar
47,gusto clase hacer aplicación
20,investigar conocer interesante
65,investigar origen simple
26,vida mostrar palabras
39,gusto poder participar manera
38,ejemplo iniciativa
38,explicación idea producto ejecución equipo entender si aspecto lograr manera proyecto
70,gusto grupo
47,subir nivel
21,respecto hacer organización equipo distribuir tiempo trabajo lograr
59,intercambiar llenar conocimiento ampliar pensamiento
76,crear tener idea proyecto
10,super conocer cosas hoy día
15,entender producto idea equipo ejecución
77,compartir equipo bien
65,trabajo mejorar producto existente
73,vida real mejor idea
48,super dinámica forma participar
22,concepto equipo
19,investigar grande
32,entender hoy
54,diseñar producto
27,aprender empresa compañía hacer crecer negocio
72,conocer tan
6,investigar historia
63,participación grupo
50,actividad conocer
44,descubrir metodología buen servir hora crear
49,cosas ayuda entender
65,ligero monotonía
21,gusto ayudar entender mejor concepto
69,si si producto equipo idea
5,parte empresa
67,poder grupo hacer mejor realización empresa
11,gusto importancia muestra hacer llegar traer
32,forma explicar ejecución organización general
12,producto hacer idea
34,tema aprender inicio idea
10,explicación tema
17,poder crear base
78,hablar grupo
10,clase poder equipo decidir servicio realizar solo trabajar equipo
56,gusto clase aclarar
30,gusto clase hoy aprender servir vida
48,cosas servir vida
55,aprender saber seleccionar buen equipo proyecto
50,cosas siempre hablar nunca detalle
21,gusto poder aprender específicamente importancia equipo cuidadosamente seleccionado asegurar éxito empresa
41,fin saber exactamente junto siempre
56,poder ver cosas fantasía ser niño cosas realidad cosas tan aprender ver cosas grande burbuja
16,programa ver importante hacer
79,explicación profesor
62,pensar cuenta momento futuro
27,informativo dinámico
15,encuentro útil
55,perspectiva dar idea realidad llegar futuro
76,dinámica clase mejor comprensión tema
68,hoy clase tema
52,clase haber hacer proyecto
15,producto servicio
37,forma profesional mejorar
35,aprender digital
31,buscar cuenta si llegar esfuerzo
48,contar inicio conocimiento
71,poder descubrir ahora seguir adelante proyecto
0,profesor seguir aprendizaje
24,poder dibujar hacer mejorar idea
67,trabajo equipo
56,ser momento crear producto solucionar gran problema
74,actividad juego
2,hacer producto creativo tema asignado
3,general puntos sesión forma además puntos
77,equipo difícil trabajar grupo buenas
31,gusto interacción tubo profesor
33,actividad clase
26,ser emprendedor nunca palabra
22,trabajo equipo
36,aplicar mundo real
18,clase dinámica
69,parte idea proyecto cuenta producto
25,aprender podre hacer proyecto seguir
34,crear pensar hacer proyecto
39,redactar problema país ver realidad
74,hacer ver
32,gusto bien organizado
57,puta madre si madre
21,oportunidad aprender
69,concepto poder definir bien comenzar empresa
45,aprender cosas
62,preparar elegir grupo trabajo
53,aprender entender claridad objetivo interesante
15,historia comienzo google cuenta gran idea esfuerzo dedicación igual suerte
26,gusto optimismo llegar ser
73,trabajar equipo pensar idea reto
49,producto ejecución bueno tema
26,planificación resolver
36,aprender muestra forma crear empresa ser campo poder ser
13,manera crear idea
3,forma explicación
15,tema habla interesante
72,historia hoy
1,gusto explicación ejecución importante
69,planteamiento proyecto
37,poder resolver proyecto mejor
17,forma bulla cosa entonces escuchar claro profesor
9,gusto lanzar
64,forma dinámica clase
47,gusto tema manera entender mejor ver realidad ejemplo alguien exitoso chico
73,aprender hacer
39,aprender hacer buen
55,gusto clase aprender
64,concentrar vaya base necesidad eficiente ayuda problema mundo defecto
45,idear innovación
67,gusto historia producto hacer idea trabajo equipo importante vital realizar empresa
41,gusto clase poder saber conocer fin proyecto alcanzar finalizar sacar mercado producto
0,explicación profesor
15,entender proyecto empresa
56,lograr éxito
57,saber crear
44,poder tener idea final proyecto
39,ser innovador
69,trabajar equipo dinámico
51,vez clase
43,conocer profundidad manera formar mejor idea negocio producto equipo ejecución idea
73,profesor solo material docente
63,explicación clase clara
14,clase utilizado aprendizaje
48,dinámica comprender fácilmente tema
48,aprender necesario empezar hacer idea apoyo
26,gusto parte social super importante
71,trabajo equipo grupo obtener experiencia juntos
0,si buenas duda
35,saber seguir hacer
76,cosas curso empresa gestión
65,poder resolver tema nuevo saber espera sentir
25,saber dar publicidad producto
59,cosas genial
76,entender tema
66,mejorar puntos alto
52,aprender hacer ahondar idea proyecto llevar cabo
39,saber interesante
21,gusto explicación clara crear éxito
57,parte ejecución puesta práctica idea interesante
79,saber ser equipo
67,gusto característica poseer crear producto
25,madurar idea cuenta
46,manera principio clara idea
67,salud asistir clase ver tema nuevo tratado disipar
0,manera futuro
49,gusto idea negocio desarrollo
74,organizar éxito
54,explicación programa
51,idea agrandarse desarrollo proyecto
43,profesor clase aprender sesión
79,enfoque tener proyecto
74,aclarar trata jueves idea poder crear personas
8,gusto emprendedor habla si
63,caso clase hoy muchisimo anterior cumplir además plantear mejor plan negocio
31,hacer idea proyecto
37,dinámica curso fácil
2,gusto verdad
52,forma aprendizaje sencillo
19,mejor explicación
50,manera fácil
34,manera tener
22,forma hoy entender
9,producto equipo comprender significado
77,comprender tema
1,forma explicar facilidad
44,manera fácil
33,vez cerca tener
52,aprender ejecutar proyecto
69,información apoyo dar empezar proyecto empresa
38,llegar hacer
19,aprender ejecución
59,gusto manera fácil entender
33,gusto manera entender
62,explicación tema comprensible proceso realizar proyecto
21,lluvia proyecto
59,interesante orador bien
65,gusto parte palabra saber
5,capacidad transmitir idea equipo
34,idea diferente plan trabajo
65,programa crecer avanzar adecuadamente
12,manera profesor tan clara
75,forma importante tener realización proyecto
54,negocio lograr tecnología montar negocio
8,chico empresa diferente aparte diseño juventud
45,opinar gran parte junto grupo tarea
8,poder saber proyecto
56,gusto proyecto
2,trabajo grupo v mejor
21,producto mercado
64,manera dinámica captar
20,clase punto mejor
11,interesante curso
51,poder crear producto idea
35,vez palabras ayudar elaboración proyecto además futuro
77,aprender ejecución idea producto formar equipo negocio tomar buenas formar equipo plantear fundamental
38,clase habla perseverancia
26,explicación tema reparar
67,contenido sesión interesante
26,aprender importancia idea producto importancia ejecutar tener desarrollar proyecto manera eficaz
30,oportunidad empezar plantear idea
42,poder seguir ejecución proyecto
34,trabajo equipo ser tan concreto sentido siempre compromiso
8,valioso necesario
9,gusto mostrar verdad cambiar vida
66,poder usar idea negocio día día
47,explicación realizar
59,trabajo comprender mejor
65,gusto romper actualidad ser exitoso tener carrera clase entender generar ser
71,definición sinceramente claro ahora gracias fácil poder continuar proyecto equipo
6,duda exactamente comenzar
21,aprender ahora
38,aprender ayuda proyecto
71,necesario hacer propio paso paso
34,poder aprender
45,concepto elemento equipo proyecto conocimiento ajustar proceso proyecto
78,lograr desarrollo buen aprendizaje
29,dinámica profesor entender
50,trabajo grupo
71,identificar interesante sesión hoy día
51,gusto vida valioso futuro
22,tan explicativo cosa saber resolver
61,poder crear idea manera base proyecto
33,tema clase hoy interesante
78,explicación profesor
42,poder idea
28,gusto clase super dinámica llama atención segundo además información bien
33,tema liderar equipo importante hacer importante
78,aprender iniciar
31,tiempo compartir apoyo participación
3,aprender crear idea producto equipo
79,estructura tener empresa
51,poder pensar mejor dar proyecto
40,momento poder ver idea negocio
55,forma tema forma facilidad desarrollo
31,explicación importancia hacer tener idea negocio
34,toque dinámico
24,bien hacer empresa producto vez equipo
9,ahora plantear idea claridad saber
21,gusto realizar proyecto
74,anécdota buscador cuenta tener vaya funcionar
56,proyecto personal
74,clase ayudar mejorar negocio
18,profesor objetivo explicar entender claridad
77,ejemplo entender mejor puntos
33,manera dar señor interesante divertido
58,introducción tema totalidad
67,importante tener idea grupo estable
20,gusto ahora idea clara uso ser útil día ayuda ahora
17,gusto parte dije
17,cosas solo gente capital cosa cierto clase
56,manera tan simple sesión
46,negocio mundo pensar simple salir valioso solo si perseverancia
39,lograr idea seguir
51,clase poder aprender cosas manera
30,gusto explicación
14,cantidad vida real además
26,película motivación pensar llegar
39,constante profesor
8,datos ser
13,tener pensar ser ayuda
29,gusto haber producto equipo idea
50,película película interesante
41,tener nuevo tema
63,profesor dar puntos vista tener miedo decir cosas
12,asesor bien
23,clase economía
5,forma profesor
7,aprender cosas ayudar futuro
76,aprender crecer
2,dinámica manera clase
27,manejo información persona clase
4,explicación crear negocio
63,gusto poder poder desarrollar idea equipo
67,mundo llevar cabo proyecto
78,gusto explicación
56,seguir emprender manera poder progresar
43,función cosa base proyecto
35,dinámica profesor
15,dinámica profesor
78,trabajo equipo
22,buen aprendizaje
12,dinámica interesante
28,gusto profesor bien cosas exponer ver mejorar gusto decir entender bien
51,explicación ayuda poder seguir idea empresa
29,ayuda futuro
63,gusto idea equipo cuenta solo personas trabajar gran producto
57,tema principal
48,ayuda ser mejor empresario
21,gusto presentación específico
29,importante hacer debido comienzo negocio innovador
30,q m
36,forma armar negocio utilitario vida
59,proceso pasar proyecto final
70,explicación clara
74,proceso proceso
49,idea realidad clase
27,información ser futuro
57,bien clase
33,herramienta aprendizaje
42,parte cierto equipo ser tener bajón equipo caer poder levantarse
63,gusto tema interesante
75,gusto explicación seguir tener exitoso
14,diferente panorama
27,discutir actualidad producto innovador bonito completar
10,entusiasmo profesor
5,aprender negocio
1,explicar entender
0,hecho diferenciar ahora mejor camino
61,si despejar proyecto
40,realidad clase llamado atencion normal
49,aprender buen crear
74,ámbito empresarial
36,explicación importante conocer cliente fácil seguir bien
25,hecho despegar imaginación mantener proyecto buen camino
51,instancia atención
20,producto servicio serie ayuda ver presentar proyecto frente público objetivo negociar pagar
19,exposición entender comodidad bienestar usuario necesidad personas
3,clase dinámica
1,profesor manera
49,interesante clase manera mostrar equipo
18,conversación profesor respecto idea parte clase hoy debido perspectiva idea
69,gusto clase hoy conversación profesor completar información proyecto
7,idea clara solo público pensar producto encontrar mitad camino
72,buscar problema
48,trabajo equipo
32,poder crear idea diseño entender fácilmente
16,continuación proyecto
10,resolver vida
59,poder dejar imaginación trabajar crear cosas beneficio
38,poder buscar
1,gusto saber hacer diseño decir tomar cuenta hacer producto querer crear producto
4,dinámica interesante
68,manera clara
7,clase hoy aprender realizar mejor manera proyecto
67,aprender cosas nunca tema verdad interesante
16,lograr tiempo intentar
5,saber exactamente solo proceso
35,gusto clase
15,u manera ejemplo modelo saber hacer aplicar
55,clase hoy tema proceso forma simple paso paso manera fácil aprender concepto
11,gusto dinámico
24,reflexionar papel resolver
3,gusto clase hoy
63,hacer crear
16,forma reconocer fácilmente
35,aprender pensar mejorar proyecto
24,creación encontrar forma eficaz resolver problema
57,dinámica grupo equipo
49,trabajar equipo proyecto mejor
42,crear producto solucionar problema
34,bien claro
33,compartir país
31,compartir grupo
31,gusto conocer hacer gran
7,innovación creación producto satisfacer personas solucionar
75,trabajo equipo inventar producto innovador
75,gusto proyecto diseñar
22,actividad poner práctica
44,entender hacer proyecto
54,objeto elegir producto ser
77,poder real
71,hacer ver
66,esquema proceso
7,crear problema idea puesta
45,escuchar clase nunca
70,planteamiento objeto
52,profesor facilidad
68,forma clase manera
25,presentación continuar proyecto
68,trabajo toma gente claro tema
54,aprender idea ser mejor si cabeza
8,perspectiva real aplicación tener mundo
34,gusto crear nuevo hacer creación
78,aprender tomar cuenta servir cliente importante triunfar
9,definición saber si forma gente
32,tema interesante
22,tiempo recibir idea
12,información fácil asimilar almacenar bien tema momento
19,conocer relación producto personas tan íntimo llegar ser visión impacto tener personas generar
7,lluvia equipo
26,diseñar programa
54,hacer prototipo
5,profesor pulir idea afectar empresa
6,incentivo tener miedo
11,actividad entender importancia escuchar
65,crear empresa
60,dinámica usar
64,pensar generalmente negocio
47,explicación uso material enseñanza prototipo
12,proceso crear producto servicio fácil
40,reflexionar llevar cabo forma tan si
5,curso ahora
16,grupo desarrollar capacidad trabajar equipo
68,hacer ver problema solución sociedad
4,ejercicio forma simple práctica ver
56,clase diferente
16,actividad conocer mejor manera grupo trabajo
50,actividad ejemplo formular idea
57,entender voz
3,llevarse cabo
67,explicación profesor trabajo equipo
34,interacción profesor
11,comunicación grupo
32,lluvia opinión
41,aprender diseñar mejor dicho organizar proyecto
10,explicar país ver solucionar
38,explicación seguir crear idea
4,saber importancia personas hoy día tema mamá personas
49,decir clase
7,charla interesante
33,forma información
40,frase personas sentido hecho personas necesidad cumplir
16,si tema ayudar
33,diseñar capacidad
48,poner capacidad solucionar problema
14,actividad trabajar equipo desarrollar producto existente
38,siempre motivar mejor manera
12,saber conectar cliente solución gusto necesidad
54,gusto explicación pensamiento diseño mejor diseñar prototipo personas uso hacer éxito mercado
31,tema interesante
64,saber buscar personas
71,puesto solucionar general
26,clase trabajar
42,ordenar poder tener claro
43,gusto poder diseñar objeto poder
65,aprender orden diseñar
50,manera manera
74,tema interesante hoy añadir
61,poder aprender cosas tocar
13,cosas ver carrera futuro
16,explicación profesor
57,diseñar buscar proyecto
67,aprender identificar
71,si v
74,crear proyecto empresa
66,gusto clase ahora importancia elaborar proyecto manera
68,tema general necesario posible plantear sociedad
3,gusto llevar cabo
37,entender tema
20,explicación forma habla
25,gusto definición además proceso
47,dinámica tener idea clara proyecto vamos realizar
49,grupo pensar conjunto ampliar
66,entender trata si
41,ambiente bien lugar agradable
12,innovación datos crear aplicación
52,ver modelo poder si futuro crear personas
44,llegar saber fondo producto lograr
16,poder saber fondo
73,explicación innovación tema llama atención
8,diseñar proyecto
5,gusto buscar manera ir futuro ayudar sociedad
38,baile trabajar equipo
68,tema general interesante
40,día día fácil
53,diseñar proyecto proceso
38,nube palabras amplio conocimiento
40,gusto actividad grupo diagrama prueba grupo resolver
45,tema tener idea hoy día
34,claro ver ciencia detrás vida
41,aprender adelante ser necesario crear empresa
66,actividad analizar diario
64,saber proceso
1,poder manejar plantear empresa
67,proceso metodología
15,comprender sociedad ser base recurso poderoso innovación parte agrado entender ser
19,profesor fácil entender
40,tarea sesión saber proyecto realizar
41,bien divertido
41,vez momento
73,saber seleccionar personas ayuda prototipo utilizar
8,clase método enseñanza bueno
57,gusto comparar realidad
35,gusto momento ver mundo perspectiva
61,analizar problema menudo reflexionar tratar
58,poder identificar
46,poder hacer mejor trabajo
48,enfoque total diseño
10,hecho personas aprender
74,cliente forma producto
7,fundamental aprendizaje
17,emprender diseño negocio
6,ser dinámica
67,bueno buscar
62,gusto gracias clase
73,proyección parte libertad compartir visualmente contribuir crítica
32,concepto mejor
31,cosa ayuda futuro
73,idea ayuda
43,profesor poder mejorar
46,poder resolver idea
47,tomar persona
51,entender emprender mejor negocio
39,superar atención falta
59,verdad tan hacer clase virtual profesor alumno
76,ayuda proyecto
43,eduardo idea negocio
68,buscar buscar
64,hacer hablar
21,ahora mayor claridad hacer
3,explicación profesor
18,gusto cliente hacer base
32,forma clase bien dinámico
28,grupo hacer producto concepto
72,gusto plantear solucionar problema mejor manera
17,debido entender bien tema importante
14,manera generar dinero publicidad
23,gusto cosas diseño alguien hecho
52,clase hoy empresa
79,gusto directo tema bien
6,realidad clase si escoger información hacer bien
12,dinámica explicación
69,empatía pensar bien bien cliente solucionar
34,crear idea
13,explicar profundizar hacer negocio
26,información fácil entender
33,manera tema idea fácil entender
8,hallar solución problema
73,facilidad puntos entender explicación interesante
67,tratar reflexión uso pensamiento
10,trabajar grupo conversar
9,datos ser
27,ahora capaz explicar mejorar compañía
22,gusto crear cerca problema
65,gusto aprender ayudar país medio idea existencia
55,explicación tema
2,gusto claro preciso
75,gusto ejemplificar manera entender
47,mejor comprensión
62,super interesante
36,gusto trabajar
28,trabajo crear producto equipo manera
25,encontrar tema
76,explicación clara
63,crear tecnología mente
30,forma dinámica
54,cuenta ser visión
57,importante tener conocimiento
46,gusto plan trabajo organizado
69,explicación profesor valor proyecto manera clase
24,manera eduardo
61,gusto especial
9,alumno profesor
32,servir cuanto empezar
52,organización dinámica
25,clase hoy interesante
1,dinámica entender
68,aprender cosas nunca
48,forma mundo hecho entorno mundo
65,saber exponer
62,dinamismo información clase mejor entendimiento
9,clase claro diseño ahora
51,poder saber saber llegar manera
78,dinámica interesante
65,uso explicar clase
74,gusto cuenta audiencia importante personas inicio animales vamos ayudar cuenta personas
74,gran tiempo grupo ver proyecto
54,gusto hoy cosas utilizar desarrollar parte vida
5,realizar trabajo forma dinámica
45,breve ahondar proyecto equipo trabajo
58,gusto idear si tener idea
0,gusto general
24,gusto dinámica
38,gusto aprender nuevo solucionar problema
0,forma manera clara breve
69,dinámica clase
15,parte ejemplo
38,plantear diseño proponer
65,hacer producto innovador
40,siempre forma bien
69,introducción clase
73,información hoy
70,explicar bien tema
36,ahora alguien necesidad momento
67,entusiasmo profesor
52,parte grupo mejorar orden desarrollo
69,identificar aprender
66,empatizar definir idear probar
52,identificar aprender hacer orden distinto
77,gusto clase hoy interacción tener chica clase
74,pensar diseño solucionar
39,hablar mundo cuenta realidad mundo ayuda
57,innovación optimismo ambigüedad sacar adelante
38,diseñar siempre ser dos personas crear
16,desarrollar producto investigar
64,tema fluido bien
56,explicar comprender mejor
75,gusto verificar buscar
17,manera desarrollo clase divertido aprendizaje
70,gusto ahora saber respecto proyecto profesional
20,solucionar personas
32,paso paso puntos vista respecto
1,analizar interés poder llegar hacer
54,importancia crecer dinero utilidad importante vida
72,pensar pro proyecto
4,manera mostrar largo mundo realidad aplicar
47,proponer potencial negocio
53,saber usar
51,mejor manera
36,poder saber
2,información actualmente disipar momento además predisposición profesor
11,parecer tan simple pasar
11,forma generar orientador personal nunca manera
0,poner producto
49,conocer modelo negocio parte importante trata ver parte negocio
34,diferencia clara
59,clase hoy aprender negocio futuro si hacer compañía similar
34,conocer negocio identificar tipo negocio
47,dinámica equipo
61,hacer modelo
43,hacer clase
49,aprender concepto manera simple ordenar puntos además explicar clase tener conocimiento previo adicional comprensión clase
58,aprender negocio ver
14,gusto aprender grupo
61,saber q presupuesto costo
45,poder construir presupuesto si verdad
18,crear mejor manera
53,comenzar trabajo tiempo suficiente hacer
18,hacer organizar proyecto
2,hacer seguridad proyecto
22,rápido comenzar trabajo tiempo suficiente hacer
33,tema mejor
47,elaboración cuadro organizar nuevo
16,actividad crear modelo respecto empresa cerca objetivo
75,explicación tema
36,manera monetizar idea incentivo
52,gusto poder establecer modelo fin ver si idea programa
33,gusto tema presupuesto vamos generar dinero
65,gusto poder establecer modelo fin ver si idea programa
36,gusto idea limpio
53,gusto forma profesor tener originalidad proyecto
35,aprender modelo
55,aclarar profesor respecto idea modelo aplicar inquietud resolver
42,mutuamente armar clase jueves mayo
62,entender poder hacer plan viable sustento proyecto
27,gusto información propósito entender realidad decir final clase si modelo cosas
62,ejemplificar puntos mejor
51,gusto herramienta facilitar aprendizaje
54,aprendizaje fácil
11,gusto resolver
8,poder aprender negocio justamente equipo duda generar
16,relacionar modelo fácil ejecución informe
26,charla interesante
19,elaboración realidad
29,saber organizar base
3,futuro día manejar negocio
13,trabajo equipo
32,vino alguien nuevo enseñar interesante
19,hablar proyecto resolver
61,saber realizar modo diferencia gasto costo proyecto
12,base proyecto
51,juego usar
23,aprender manera hacer plan negocio
0,disposición dedicación profesor proyecto
11,lluvia entender
54,justo tema equipo desarrollo
78,saber modelo organizar plantear proyecto
6,trabajo equipo
70,aprender interesante
27,observar forma dinámica comprender contenido
68,entender diferencia ver ángulo servicios hoy día
54,aprender conseguir presupuesto llevar cabo proyecto
44,aprender forma ganar dinero conocimiento
6,aprender negocio
13,tener idea clara proyecto
70,poder crear
53,hacer momento importante sesión entonces palabras organización empresa
15,aprender negocio identificar
33,tema información servir futuro
35,verdad momento
22,exposición interesante
61,explicación negocio
6,revisar grupo
27,aprender empezar empresa pensar
11,aprender crear modelo saber proyecto
49,aprender manera uso día día generar
15,directo grano tiempo
57,definir concepto modelo
37,interacción datos
65,clase gusto contenido fácil entendimiento
63,manera tema
50,empezar bien
14,saber negocio obtener ganancias
77,resolver avance identificar mejor
61,aportar empresa perfección
13,explicación bien
19,información ahora servir
49,dinamismo contenido puesto atención suficiente aburrir dificultar aprendizaje
78,gusto explicación modelo negocio profesor tema modelo costo gasto
25,gusto diferenciar gastos nunca alguien
21,haber hacer negocio rentable forma afinar sentido financiero constante crecimiento entender modelo negocio
66,información poder desarrollar proyecto
32,poder hablar servicio
53,saber ir proyecto
68,claro explicación tiempo resolver personalmente
36,saber empezar modelo aplicación
63,negocio mejor producto
69,tema parecer
27,desarrollo clase
79,gusto esquema resumir adelante proyecto
43,aplicar vida fácil
62,ver hacer buen hacer proyecto
13,aprender empresa si simple vista forma moda éxito tener mayor impacto
1,gusto hacer
44,gusto modelo manera organizar invento
34,aprender cosas uso diariamente
7,paso paso modelo
69,saber tan sencillo tan empresa
56,explicación negocio general menudo
38,ver tan sencillo plantear negocio ayuda modelo
12,agrado conocer modelo herramienta útil empezar elaborar proyecto
29,gusto ganancia
65,encanto cuadro
35,explicación negocio identificar modelo proyecto
34,desarrollar plan presupuesto función idea
31,cosa vida hoy seguir mundo
52,gusto clase dinámica profesor
18,espacio mejor ayuda profesor
16,modelo negocio seguir
32,poder escoger asiento
24,forma buscar
52,clara explicación
71,modelo servicio
76,aprender modelo negocio
7,breve explicación aprendizaje tiempo
68,gusto hacer modelo clase discutir poner claro proyecto decir
77,aprender cosas realización empresa
65,iniciar proyecto si alcanzar hacer formulario manera formal
19,realizar modelo necesario negocio útil
52,gusto parte bien
34,enseñanza profesor muestra adecuadamente clase dificultad
35,aprender cosas gran importancia presupuesto aprender
61,llevar negocio cabo
39,dinámica ayuda
34,dinámica ser
62,jugar diferente divertido
27,aprendizaje aplicado profesor
63,modelo descubrir forma eficiente desarrollar idea importante
47,hacer empresa ser
76,actividad producto
60,poder negocio modelo
30,tema tratado
43,importante ayuda encanto clase
22,explicación negocio interesante
77,saber poder avanzar trabajo
23,mejorar proyecto
74,gusto explicación ganar dinero manera practicamente fácil
57,hacer modelo ayuda vida
68,gusto formar
19,servir montón momento iniciar
7,aprender detallado adquirir aplicación mejor
64,desarrollar profundidad ver salir
41,explicación dinámica
67,explicación dinámica
17,gusto entrar producto mercado
27,gusto realizar presupuesto hallar equilibrio gastos empresa
40,tener referencia publicar producto medios comunicación
79,modelo espectacular mente eficiente tipo eficiente
63,desarrollar modelo
61,modelo negocio ayudar negocio
42,gusto clase
15,formato organización forma fácil organizar contenido empresa
16,haber aplicar hacer modelo bien definido
17,aprender dinero necesidad cobrar directamente
32,plan negocio guía poder ejecutar proyecto tener conexión
28,metodología modelo
11,ejemplo juego intervenir
68,aprender hacer triunfar proyecto
6,plan pa saber q hacer
72,gran herramienta entender
22,gusto punto
14,profundidad organizar mejor respecto producto llegar plan concreto
28,simplicidad hora explicar pregunta
72,expresar tema ser tema interesante
25,clase hoy
64,hacer interesante aprender
72,trabajo equipo
39,método enseñanza
54,modelo importante tener presupuesto
41,sensación proyecto forma
0,dinámica grupo grupo empresa
2,si proyecto mente personal solo aspecto sociedad si personal
39,ordenar proyecto cono
78,explicación interesante
28,explicación seguir
10,seguir clase
28,material clase manera diferente
35,tema interesante
43,tema tiempo
34,igual agradable clase anterior
76,tema interesante
66,debido colegio
48,trabajo equipo
2,usar aprender
15,manera tema
42,manera tema dinámica
44,forma bien
17,aclarar modelo
14,desarrollar modelo
32,manera tener idea mejor proyecto función
18,gusto detallado
73,verdad interesante
5,poder comprender ayuda rumbo mejor
44,organización parte grupo
9,modelo super futuro
11,organizar proyecto
13,dinero método único
38,finalizar clase
40,plantear modelo negocio debido actividad observar puntos trabajar mejor
31,ahora negocio poder
34,gusto aprender modelo mejorar proyecto
67,resolver equipo
6,hoy poder usar poder hacer modelo grupo poder recibir comentario profesor
46,hacer modelo gusto forma organizar
3,tema fácil fácil poder analizar
10,además entender
17,saber llevar producto mercado manera adecuada gastos
51,organizar proyecto ver falta mejorar trabajar
47,gusto clase hoy aprender información desarrollar aún
30,exposición tema
12,exposición tema
42,explicación favorable ayuda
35,tema interesante interés
1,empezar realizar
65,claro preciso
41,concepto gastos punto equilibrio
14,bien paso paso
45,ahora hacer modelo poder tener empresa
16,tema fácil fácil poder analizar
77,tema fácil fácil poder analizar
34,manera profesor material
51,hablar proyecto
11,hablar proyecto
73,gusto forma clase
79,modelo manera fácil organizar proyecto
67,costo saber costo total producto
60,segmentar inspeccionar mercado asegurar triunfo
72,elaborar nuevo proyecto tomar cuenta cabo
53,gusto clase hoy cosas
68,bien clase
50,ordenar llenar blanco cabeza proyecto
38,aprender manera
28,manera debido manera
38,tema interesante importante desarrollo negocio
70,gastos empresa correctamente precio producto
17,profesor clase aprender
6,información futuro
76,descubrimiento modelo negocio
65,propuesta valor fuente
14,gusto definir presupuesto modelo negocio llegar carrera profesional
22,información conocer
30,interacción apoyo
27,uso explicar tema
55,hacer modelo organizar proyecto
35,modelo negocio
69,interesante tema entender mejor
2,gusto reforzar conocimiento prototipo
32,hacer modelo fundamental negocio
68,m gusto idea gasto costo
34,clase tema respeto hacer silencio clase
67,si hacer
33,forma explicar
60,teoría responder clase
16,dinamismo clase
51,parte trabajo equipo
13,gusto poder seguir aprender cosas
47,poder entender organización empresa desarrollar
8,modelo mejor proyecto
69,bueno hecho idea llegar organizar desarrollo proyecto
46,explicación modelo efectividad evaluar proyecto
69,crear modelo negocio momento empresario lograr futuro próximo
71,gusto saber ciencia trata usar proyecto
64,gusto dinámico
74,gusto clase ayuda futuro
3,explicación adecuada información adecuada
79,usar desarrollar
39,aprender ahora manera futuro
57,tiempo avanzar
16,aprender algoritmo ahora
19,aprender gastos
9,tiempo equipo
74,trabajar proyecto si poner idea
18,diferenciar ver computadora aprender monitor
27,crear crear
61,haber hacer
42,gusto clase hoy aprender computadora
46,aprender computadora
37,entender mejor día
20,encontrar problema plantear
19,actividad computadora
48,clase cuenta poder
56,entender mejor tema
51,directamente parte avanzar necesario plan empresa trabajo final cuenta clase semana
15,actividad bailar
76,aprender manejar empresa
18,dinámica práctica sesión vez propósito programa
34,aprender computadora
37,gusto solo ámbito empresarial ámbito personal
77,información clara
1,uso tecnología poder alusión producto
68,trabajo equipo
1,aprender actividad llama atención si detrás juego
16,descubrir computadora
48,jugar divertido
71,hacer juego
12,tema ayudar futuro
58,clase entender tecnología elaboración empresa
3,comprender mejor clase
55,información poder resolver proyecto forma sencillez
76,poder resolver problema manera
54,poder tener organizado ayuda completo
35,siempre marca cabo
47,gusto forma ver dar
52,interesante información útil
51,equipo resolver problema aportar
77,dinámica medio baile
59,clase además manera
6,tema interesante
12,grupo grupo
60,formato hacer cosas
4,aprender solucionar problema
0,gusto ver
5,salir mejor amiga
14,gusto tema uso tecnología proyecto identificar equipo vamos trabajar
75,confianza ambiente relajado gusto
17,dinámica claridad importancia trabajar equipo
67,aparato electrónico llamado computadora
65,gusto haber computadora ciencia
45,aprender algoritmo
70,aprender algoritmo elaboración producto
34,gusto clase
72,cuenta producto problema tan importante solucionar poder arreglar cosas mejorar producto
45,definición algoritmo solucionar haber orden organización
60,explicación dinámica entender tema mejor manera
31,concepto ciencia ahora
79,explicación computadora
30,tema tecnología debido hoy día tecnología ayuda indispensable tener base usar manera tecnología
13,clase interesante
71,uso secuencia datos armar algoritmo
45,tema nombre formal término
20,gusto dinámica sandwich poder entender algoritmo
14,aprender verdaderamente ciencias trabajar
5,aprender solucionar
40,tema general importante aplicar conocimiento proyecto
54,agrado plantear funcionamiento
44,poder aplicar día día
32,poder comprender algoritmo vida nunca
7,cuenta realidad idea tema
78,ampliar conocimiento
55,gusto pensar tener empresa pensar
53,sinceramente encanto clase
48,resolver digital
45,baile equipo
37,forma presentación
43,gusto explicación comprender mejor tema
56,compartir grupo proyecto
30,aprender nuevo cosas
78,algoritmo cosas secuencia siempre
66,gusto usar tecnología construir prototipo negocio
18,aprender hacer
7,saber super importante
43,trabajo equipo manera
14,trabajo desarrollar manera arreglar mejorar proyecto descartar
65,potencial manera
22,clase hoy
69,dinamismo clase
62,dinámica interesante
43,explicación entender
15,inicio clase
74,clase tema conocer aclarar
2,gusto bien computadora claro definición cosas computadora ahora dispositivo información propósito general
61,saber algoritmo parte vida
26,planteamiento tan difícil principio
49,diversidad ver
22,encontrar hacer
50,clase interesante trabajar
29,explicación clara
12,realizar curso
31,gusto algoritmo presente pensar idea inteligencia artificial ser base día día
42,explicación tema tecnología base descubrir tecnología solución
42,relación tema realidad clase comprensible
31,tema interesante
59,gusto actividad interesante divertido
60,algoritmo definición computadora tema
47,trabajo equipo
63,tema interesante
24,saber crear lugar manera escuchar palabra algoritmo
55,gusto vez resolver mejor tiempo
56,vez resolver mejor organización
51,debido alguien
69,cosas vida
15,tema abstracción crear solución frente problema
73,plantear planear futuro poder buscar solución seguir adelante proyecto
62,saber influencia tecnología modelo negocio poder seguir proyecto
34,explicación ciencia ciencia
16,tema interesante
19,poder hablar tecnología necesario
1,gusto solucionar trabajo importante llegar negocio adelante
48,trabajo equipo
53,poder saber llegar mejorar sacar adelante proyecto
13,tema gran interés día día
3,profesor alumno
9,gusto ser ser hora hacer
23,marketing digital mundo
58,hecho detrás abstracción funcionamiento
48,equipo avanzar proyecto
64,gusto aprender ciencia idea
36,hecho proyecto
19,poder resolver tema importante
19,gusto clase hoy
67,adquirir poder hacer crecer día día
13,algoritmo ayuda saber paso paso
32,gusto siempre clase mejora
2,gusto clase saber computadora aparato tecnológico
59,clase interesante
50,sistema poder resolver problema
29,tener completar presentar proyecto
68,ser gran base desarrollo servicio personas
50,definición importante poder realizar producto importante
0,disfrute aprender
69,claro preciso
31,poder resolver tema importante
54,poder resolver tema importante
20,manera explicar profesor
22,trabajo avance proyecto
43,técnica venta
30,bien tema
9,ver proyecto solución
68,apoyo profesor proceso desarrollo aclarar visión
71,realizar modelo
20,poder saber realidad ver computadora
22,forma práctica
48,hacer cosas
74,resolver manera
2,gusto forma significado ciencia
65,profesor siempre atento
27,liderazgo profesor clase
54,entender mejor clase
30,aprender computadora idea término
5,gusto buscar solución empresa enfrentarse
66,gusto ambiente d clase claro
24,algoritmo arreglar paso paso pasar alto cosas
64,idea siempre bueno pensar
78,forma explicar
68,tener nuevo conocimiento algoritmo
9,gusto diferencia computadora
31,definición real computadora nunca manera
50,semana tiempo acabar curso
59,explicación definición ciencia
15,tema ser manera clara
72,investigar proyecto
6,tema interesante
49,algoritmo definición
11,gusto manera profesor incentivo ser
71,uso explicar tema
12,definición algoritmo fundamental solucionar
61,manera clara
5,lenguaje simple empleado explicación puntos
66,hacer forma
30,gusto proyecto tecnología importante
1,comprensible tema
2,explicación empezar pensar problema manera
39,tema ciencias explicación
59,gusto aprender construir prototipo futuro cercano
35,hecho haber tema
53,aprender cosas tecnología
21,ciencia concepto distinto
76,aprender poder crear
17,crear cuanto
71,teoría resolver
40,tono voz
68,cantidad parte
57,empezar escribir proyecto
64,gusto clase identificar ayuda solucionar mejor control momento compra
53,identificar idea real juego
70,profesor clase
21,hacer tecnología
50,punto vista entendido computadora manera
49,gusto verdad bien cosas investigar cuenta
25,profesor asignado
63,aprender ciencias
35,tema si interesado
46,información manera u vital desarrollo
19,computadora algoritmo seguir
33,descubrir manejar funcionar
72,gran cantidad
35,clase hoy ser promoción producto
22,actividad crear anuncio producto
79,saber marketing realidad
10,aprender producto actualmente interesante saber tema
46,divertido aprender
43,aprender marketing
18,poder trabajar
33,ver vender producto
32,resolver proyecto
32,clase hoy marketing digital ahora definir plaza producto promoción
44,dinámica poner prueba
49,parte marketing producto
35,información clara
72,compañera ir
59,tema marketing digital tema interesante servir
1,aprender marketing
19,actividad compañera ejemplo cercano realidad
16,actuación vender entender marketing
32,dinámica vender compañera
28,dinámica actividad vender amiga creativo
25,adelante producto amiga
9,actividad plaza precio producto promoción producto azar dinámica fácilmente
74,marketing marketing digital
68,contenido futuro realizar bien producto tener bien futuro
79,dinámica producto
25,marketing digital gran idea ser proyecto beneficiar empresa
69,explicación marketing realización negocio éxito producto
54,conocer medios publicidad personas
30,conocer marketing digital
73,gusto dinámica describir amigo convencer ser pareja
17,poder utilizar
70,aprender marketing
58,gusto además bien
50,gusto digital
25,tema marketing
10,clase hoy marketing importante empresa conocer comportamiento mercado gran trascendencia empresa haber tema utilidad proceso
9,aprender negocio necesidad invertir
19,gusto clase hoy aprender marketing digital marketing haber información empresa anterior venta producto
7,verdad gusto clase
3,bien promoción
51,hacer producto potencial cliente
48,ejercicio marketing siempre bueno aprender negociar convencer personas punto vista dinámica divertido interesante intentar vender primero servicios persona producto innovador
53,trabajo grupo
17,actividad debido aplicar
75,hacer marketing producto
76,hacer dinámica vender amiga pareja
16,clase tiempo
68,aprender marketing digital
69,marketing digital
9,explicación presentación
30,aprender marketing p marketing
48,entender mejor tema
17,gusto clase hacer comercial super
36,explicación clara dinámica
25,exposición completamente
50,exposición complementar trabajo
45,sinceramente simple bien
22,aclarar respecto marketing clase bien
28,aprender proyecto éxito
38,gusto bien producto plaza promoción precio cosas
18,ver tema
44,trato tema expandir mente consumidor fundamental muestra
62,rapidez trabajo trabajo ayuda
68,clase interesante trabajar grupo realizar
37,marketing digital cuatro p plaza precio producto promoción mercado
11,tener oportunidad valor objeto común
65,explicación información
38,gusto explicación proyecto mejor proyecto
26,aprender marketing tan importante proyecto manera incluir progreso
59,gusto saber marketing
2,momento profesor revisar avance demostrar esfuerzo
37,dinámica discutir objeto favorito
79,explicación marketing
75,tema moderno interesante
13,realizar avance proyecto casa tiempo avanzar
78,dinámica identificar marketing digital empresa entender mejor tema
47,elegir producto desconocido
56,gusto aprender marketing digital curso universidad marketing digital
32,trabajo equipo
79,explicación marketing digital
7,marketing cosas
6,trabajo profesor aprender
40,gusto vamos avanzar problema seguir adelante
20,aprender marketing digital servir proyecto bien
16,tema marketing
13,si ver ver
14,bueno nuevo
55,capacidad amigo ayuda comprender
75,interesante aprender importancia marketing conseguir buen impacto mercado
31,haber definir cuatro p producto mejor cliente satisfecho
26,entender marketing publicidad empleado frase fin alguien aclarar duda
64,gusto ahora aplicar marketing digital
64,alcanzar material importante esencial desarrollo satisfacción cubrir
50,explicación medios publicitar información empresa manera google
15,explicación profesor clase decir claro específico momento dar puntos tener cuenta
27,gusto aprender marketing
49,resolver entender tema
66,gusto clase hoy importancia marketing digital modo ahora fin
17,comprender mejor marketing general siempre par marketing pequeña debido madre
74,gusto difundir proyecto
32,adquirir mayor conocimiento
0,marketing digital compañía
15,importante avance
25,marketing poner adelante producto
72,gusto duda
48,marketing digital plaza promoción realizar marketing digital
61,entender poder tener negocio rentable
69,manera clara
78,entender concepto marketing extensión vida
29,logro comprender adecuadamente
34,gusto diversidad aplicar marketing producto
4,trabajo equipo
21,estrategia marketing
70,saber marketing tan
64,estrategia marketing
29,marketing éxito
52,vender producto manera dinámica manera clara
35,claro preciso
53,saber marketing saber poner buen precio
51,poder aprender marketing poder producto
34,aprender poder realizar producto
63,poder aprender plaza precio producto promoción poder aplicar mejorar
12,forma práctica
16,conocer precio plaza promoción producto
23,relación tema producto
71,realizar trabajo hoy resolver tema
2,gusto clase aprender marketing digital ahora podre aplicar tema podre aún
58,publicidad producto
5,conocer fondo tema marketing producto plaza promoción precio
62,comprender concepto marketing
27,profesor resolver
50,ahora convencer mantener cerca cliente
68,gráfico marketing
43,usar diseñar proyecto
31,tema general medios comunicación marketing digital
12,academia práctica
9,saber marketing
5,teoría diferencia resolver proyecto
54,grupo idea parte
56,marketing digital entender gente empresa proyecto
24,entender mejor tema
22,dinámica comprender
76,dinero invertir
64,gusto parte marketing
24,destacar bien
65,forma profesor
49,nuevo tema nunca
66,gusto explicación marketing digital producto crear medios proyecto mundo
46,aprender marketing tema nuevo
25,realidad día
29,explicación marketing digital
46,aprender mezcla marketing proyectar producto
75,información futuro
8,personas entender clase
43,poder resolver
6,explicación significado tema interesante cosas
58,saber proyecto
5,gusto clase hoy aprender adelante poder poner práctica
78,saber marketing digital
22,medios publicidad poder crecer empresa gente trata proyecto
18,marketing digital manera transmitir venta
36,empresa definir producto precio plaza promoción empresa
60,intentar vender producto comercial
5,contenido clase definición marketing
74,conocer marketing interesante
64,uso explicar tema
8,compartir clase gusto enseñanza
72,presentación tema
50,claro entender
11,simplicidad tema procesar
51,gusto saber
65,inicio marketing marketing interesante sencillo
73,clase dinámica
38,verdad simple vista ayudar infinitamente negocio
50,enseñanza marketing visión llegar objetivo
34,necesario resolver
45,trabajo grupo plataforma
60,marketing si transmitir idea producto
6,marketing digital fomentar producto
70,saber medio
61,bien procedimiento seguir
2,adquirir respecto marketing digital
54,gusto clase hoy
38,definir plaza producto promoción funcionamiento junto proyecto
75,comprender concepto marketing identificar conocer
40,gusto saber emplear marketing digital poder producto
19,empeño grupo
76,tener realizar trabajo
75,gusto solo ver verdad vida si
71,entender marketing
35,si explicación marketing
8,tema interesante
77,motivación ayuda
46,explicación gran significado promoción importante busca ser conocido
53,planteamiento ordenamiento correctamente ser eficiente elaboración proyecto
50,honesto interesante sorprendente
66,hoy aprender ver importancia
3,ritmo hacer
73,tema interesante nunca
74,realidad gusto
14,clase producto llegar resultado
4,presentar proyecto
73,tarea eficiente
67,entender interesante
1,vez cerca tener proyecto listo
12,gusto hecho hacer crecer negocio tener
42,opción ser instinto super producción venta
43,gusto aprender si empresa
47,clase conocer tendencia global empresa importante factor crecimiento embargo suficiente tener conocimiento técnico campo grande tener innovación análisis curiosidad capacidad cambio importante manera marcar diferencia
70,saber si verdaderamente
4,encanto clase
47,gusto tema si interesante
74,gusto clase hoy aprender hoy día tecnología vez mercado
9,simple entender
62,saber nunca
10,conocer cuenta si empezar cero
69,gráfico claro llama atención rápidamente
57,explicación clara
42,actividad dinámica
64,gusto ejemplo limonada entender tema
69,presentación tema perfectamente
0,comprender realizar producto
20,bonito divertido
41,aprender atención tiempo
46,desarrollar independientemente
27,hacer obtener proceso
18,clase hoy martin explicar claridad tema futuro cercano
74,aprender cumplir
18,saber incrementar podre conseguir
75,dinámica hacer
13,momento equipo
51,poder hacer negocio
40,explicar cosas final poder querer lograr hacer propio
65,hablar tiempo avanzar proyecto
53,gusto entender tema forma ejemplo
46,poder poder hacer clase tener independencia
43,momento ahora ayuda manejar mejor poner empresa
33,poder saber poder exponer producto mercado eficiente
77,poder demostrar
47,clase virtual
4,aprender crecer empresa tiempo importante ser conocido
8,clase innovador
31,poder demostrar
33,gusto aprender
50,gusto tiempo avanzar proyecto complicado colegio
70,tema interesante
36,poder aprender importancia reconocer diferencia empresa producto ver hacer crecer bien servicio
73,sinceramente profesor colegio
79,ahora si
10,aprender desarrollar producto nivel además innovador relevante
9,gusto clase ejemplo caso limonada poder entender fondo funcionamiento conocimiento nuevo término
21,finales trabajo último pulir trabajo
34,entender mejor tema
52,gusto clase
10,herramienta aprender tener mejor relación
16,saber diferencia marketing
36,aprender concepto
70,explicación realizar
33,esencial oyente ámbito
30,concepto importancia necesario desarrollo producto éxito tener gusto tema además importancia demostrar producto tener personas usuario
26,gusto clase identificar crecimiento
12,conocer crecimiento
35,ejemplo cercano mejor
61,saber llegar gente manera adecuada saber mercado
6,clase interesante
65,claro preciso
38,aplicar beneficio
26,conocer historia rápidamente mejorar empresa
69,organización producto organización hacer producto
9,forma ser funcional racional realista contexto
70,ahondar proyecto
40,gusto contrario parecer clara si resolver aprender ayuda
43,clase hoy conocer concepto identificar crecimiento lindo programa manera
37,ahora hacer crecer hacer gastos
66,gusto entender analizar palabra
17,gusto hacer saber hacer futuro hacer innovador
4,utilizar momento
56,aprender forma captar
46,aprovechar negocio siempre crecimiento proyecto saber si arreglo momento crecer conocido
4,aprender verdadero significado
3,hacker social perfil navegar
40,responder manera proyecto necesario hacer
53,debido contacto gente proyecto
20,gusto clase conocer forma captar atención gente lograr conocer
71,gusto además atraer cliente producto
5,entender importante empresa
75,tema interesante
67,responder manera proyecto necesario hacer
54,innovación explicación tema reto hacer propio producto
23,tener enfoque fondo
25,destacar correcto
29,ayuda poder crecer
14,aprender l proyecto
75,terminar presentar producto
16,gusto poder manera
75,uso poder hacer crecer empresa
64,nunca hoy gracias
15,gusto técnica generalmente ampliar conocer negocio
34,aprender usar proyecto manera mejorar empresa si manera capaz estanque
58,verdad procedimiento buscar crecimiento
25,uso explicar clase
7,gusto producto gastar presupuesto ayuda poder usar dinero perfeccionar producto
46,tendencia mercado oportunidad evolucionar negocio
58,gran idea
42,pata hacer crecer proyecto
78,voz clara
45,tema perspectiva ver
28,gusto saber generar crecimiento empresa
1,prueba salida recordar
1,poder hablar grupo
62,saber desarrollar programa uso
4,marketing aumentar
21,eficiencia muestra usar
32,teoría resolver plataforma
70,independientemente completar sesión
5,llegar curso
1,forma comunicar idea
29,poder marketing desarrollar proyecto
10,clase tema
67,uso innovador crear
22,identificar crecimiento
4,conocer crecimiento
67,ahora claro vamos hacer
25,gusto uso
26,aprender publicitar proyecto manera
56,tema interesante
36,explicación tan clara
31,saber porqué éxito
62,contenido bien clase hoy junto palabras comprensión tema
64,manera utilización dar además obtener trabajar idea base
47,forma empresa
